logL/N,b,s,k_1,q_1,k_2,xi,N
-11.3565940341398,1.1561585991224024,2.0405998588488488,4.315492256269385,3.2912805152431632,6.292867837747885,0.001585865107201487,222183.0
